{
  "hypothesis": "A coupled proprio + visual-world JOPA should improve holdout world-state prediction, belief consistency, or reward/surprise separation compared with a visual-world block alone.",
  "phase_coupling_hypothesis": "If global coupling is too blunt, phase-conditioned affine couplings should explain more held-out world latent variance from proprio than one global affine coupling.",
  "repo_id": "lerobot/pusht_keypoints",
  "feature": "observation.environment_state",
  "episodes": 206,
  "train": 165,
  "test": 41,
  "seed": 0,
  "shuffle": true,
  "stride": 3,
  "latent_dim": 8,
  "pca_explained_variance": 1.0000007152557373,
  "pca_cumulative_explained_variance": [
    0.41353845596313477,
    0.7511123418807983,
    0.8887452483177185,
    1.0000007152557373,
    1.0000007152557373,
    1.0000007152557373,
    1.0000007152557373,
    1.0000007152557373,
    1.0000007152557373,
    1.0000007152557373,
    1.0000007152557373,
    1.0000007152557373,
    1.0000007152557373,
    1.0000007152557373,
    1.0000007152557373,
    1.0000007152557373
  ],
  "pca_components_for_95": 4,
  "pca_components_for_99": 4,
  "one_block_train_kl_p95": 15.754846206605917,
  "two_block_train_kl_p95": 15.68189497168187,
  "coupling": {
    "noise_var": 0.7879372239112854,
    "offset_norm": 276.3332214355469,
    "residual_rmse": 0.8870948553085327
  },
  "success_reward_threshold": 0.92,
  "test_successes": 5,
  "comparison": {
    "one_block_visual_world": {
      "n": 41,
      "mean_surprise": 14.529970922836187,
      "mean_r2": 0.42759225422211844,
      "mean_kl": 9.984485675335648,
      "mean_coupling_kl": 0.0,
      "mean_alert_rate": 0.04984020000632793,
      "corr_surprise_reward": -0.2884842710666218,
      "corr_terminal_reward": -0.6048461099912038
    },
    "two_block_proprio_visual": {
      "n": 41,
      "mean_surprise": 14.523119466159253,
      "mean_r2": 0.42759225422211844,
      "mean_kl": 9.98543924750596,
      "mean_coupling_kl": 0.04144794332655842,
      "mean_alert_rate": 0.050141314128580264,
      "corr_surprise_reward": -0.2856779926756902,
      "corr_terminal_reward": -0.6048461099912038
    }
  },
  "coupling_regression": [
    {
      "model": "global_affine",
      "bins": 1,
      "train_mse": 0.7869372963905334,
      "test_mse": 0.7979363799095154,
      "test_r2": 0.12965648999174018,
      "corr_episode_mse_reward": -0.058253427289511515,
      "success_episode_mse": 0.7610056774208438,
      "fail_episode_mse": 0.7796884681021643,
      "noise_var": 0.7879372239112854,
      "offset_norm": 276.3332214355469,
      "residual_rmse": 0.8870948553085327
    },
    {
      "model": "phase_affine_2",
      "bins": 2,
      "train_mse": 0.7355048060417175,
      "test_mse": 0.7627100348472595,
      "test_r2": 0.16807939281627582,
      "corr_episode_mse_reward": -0.08970083645688415,
      "success_episode_mse": 0.6866900006445064,
      "fail_episode_mse": 0.7578832804311288,
      "noise_var": 0.7400448769330978,
      "offset_norm": 276.3306884765625,
      "residual_rmse": 0.8418071866035461
    },
    {
      "model": "phase_affine_3",
      "bins": 3,
      "train_mse": 0.7167546153068542,
      "test_mse": 0.7484691739082336,
      "test_r2": 0.18361249782114486,
      "corr_episode_mse_reward": -0.0976605644406069,
      "success_episode_mse": 0.669801681742461,
      "fail_episode_mse": 0.7453986330706934,
      "noise_var": 0.7192652821540833,
      "offset_norm": 276.33168538411456,
      "residual_rmse": 0.8282523949941
    },
    {
      "model": "phase_affine_4",
      "bins": 4,
      "train_mse": 0.7102645635604858,
      "test_mse": 0.7414743304252625,
      "test_r2": 0.19124210461592317,
      "corr_episode_mse_reward": -0.09675795943747317,
      "success_episode_mse": 0.6610382744166319,
      "fail_episode_mse": 0.7388105689131016,
      "noise_var": 0.712677501142025,
      "offset_norm": 276.32881927490234,
      "residual_rmse": 0.8242106884717941
    },
    {
      "model": "phase_affine_5",
      "bins": 5,
      "train_mse": 0.7055295705795288,
      "test_mse": 0.7385870218276978,
      "test_r2": 0.19439143573411966,
      "corr_episode_mse_reward": -0.09715287658010542,
      "success_episode_mse": 0.6584659624942629,
      "fail_episode_mse": 0.7354834647776946,
      "noise_var": 0.7061449587345123,
      "offset_norm": 276.3293090820313,
      "residual_rmse": 0.8198355197906494
    },
    {
      "model": "phase_affine_8",
      "bins": 8,
      "train_mse": 0.6961877346038818,
      "test_mse": 0.7292709946632385,
      "test_r2": 0.20455277185088205,
      "corr_episode_mse_reward": -0.09363471111712884,
      "success_episode_mse": 0.6486091950748374,
      "fail_episode_mse": 0.7259325846506175,
      "noise_var": 0.6958570890128613,
      "offset_norm": 276.3301773071289,
      "residual_rmse": 0.8139129504561424
    },
    {
      "model": "phase_affine_10",
      "bins": 10,
      "train_mse": 0.6927362084388733,
      "test_mse": 0.7259516716003418,
      "test_r2": 0.20817332816068723,
      "corr_episode_mse_reward": -0.08468285203212492,
      "success_episode_mse": 0.6468150265709711,
      "fail_episode_mse": 0.7227926908007808,
      "noise_var": 0.6915508568286896,
      "offset_norm": 276.3291809082031,
      "residual_rmse": 0.8116889357566833
    },
    {
      "model": "phase_affine_12",
      "bins": 12,
      "train_mse": 0.6905504465103149,
      "test_mse": 0.7255864143371582,
      "test_r2": 0.20857162966719633,
      "corr_episode_mse_reward": -0.08318047991861474,
      "success_episode_mse": 0.6454141010319057,
      "fail_episode_mse": 0.7227569144463484,
      "noise_var": 0.6894005959232649,
      "offset_norm": 276.32982635498047,
      "residual_rmse": 0.8105156421661377
    },
    {
      "model": "phase_affine_16",
      "bins": 16,
      "train_mse": 0.6889759302139282,
      "test_mse": 0.7242059707641602,
      "test_r2": 0.2100774549468456,
      "corr_episode_mse_reward": -0.09346327811069305,
      "success_episode_mse": 0.6444481053168752,
      "fail_episode_mse": 0.7215928371637778,
      "noise_var": 0.6870199721306562,
      "offset_norm": 276.3285884857178,
      "residual_rmse": 0.8091711141169071
    },
    {
      "model": "phase_affine_20",
      "bins": 20,
      "train_mse": 0.687707781791687,
      "test_mse": 0.7248332500457764,
      "test_r2": 0.20939322118481374,
      "corr_episode_mse_reward": -0.0914515287846273,
      "success_episode_mse": 0.6427574505651499,
      "fail_episode_mse": 0.7222555226631036,
      "noise_var": 0.6854888960719109,
      "offset_norm": 276.32826080322263,
      "residual_rmse": 0.8082797408103943
    },
    {
      "model": "phase_affine_30",
      "bins": 30,
      "train_mse": 0.6861915588378906,
      "test_mse": 0.7269368767738342,
      "test_r2": 0.20709880339105624,
      "corr_episode_mse_reward": -0.09094963515972129,
      "success_episode_mse": 0.6471690604027989,
      "fail_episode_mse": 0.7245298993860595,
      "noise_var": 0.6836086640755336,
      "offset_norm": 276.32924499511716,
      "residual_rmse": 0.8070334017276763
    }
  ],
  "best_coupling_regression": {
    "model": "phase_affine_16",
    "bins": 16,
    "train_mse": 0.6889759302139282,
    "test_mse": 0.7242059707641602,
    "test_r2": 0.2100774549468456,
    "corr_episode_mse_reward": -0.09346327811069305,
    "success_episode_mse": 0.6444481053168752,
    "fail_episode_mse": 0.7215928371637778,
    "noise_var": 0.6870199721306562,
    "offset_norm": 276.3285884857178,
    "residual_rmse": 0.8091711141169071
  }
}